-- MySQL dump 10.13  Distrib 5.7.9, for Win64 (x86_64)
--
-- Host: localhost    Database: mavs
-- ------------------------------------------------------
-- Server version	5.7.11-log

/*!40101 SET @OLD_CHARACTER_SET_CLIENT=@@CHARACTER_SET_CLIENT */;
/*!40101 SET @OLD_CHARACTER_SET_RESULTS=@@CHARACTER_SET_RESULTS */;
/*!40101 SET @OLD_COLLATION_CONNECTION=@@COLLATION_CONNECTION */;
/*!40101 SET NAMES utf8 */;
/*!40103 SET @OLD_TIME_ZONE=@@TIME_ZONE */;
/*!40103 SET TIME_ZONE='+00:00' */;
/*!40014 SET @OLD_UNIQUE_CHECKS=@@UNIQUE_CHECKS, UNIQUE_CHECKS=0 */;
/*!40014 SET @OLD_FOREIGN_KEY_CHECKS=@@FOREIGN_KEY_CHECKS, FOREIGN_KEY_CHECKS=0 */;
/*!40101 SET @OLD_SQL_MODE=@@SQL_MODE, SQL_MODE='NO_AUTO_VALUE_ON_ZERO' */;
/*!40111 SET @OLD_SQL_NOTES=@@SQL_NOTES, SQL_NOTES=0 */;

--
-- Table structure for table `advising_schedule`
--

DROP TABLE IF EXISTS `advising_schedule`;
/*!40101 SET @saved_cs_client     = @@character_set_client */;
/*!40101 SET character_set_client = utf8 */;
CREATE TABLE `advising_schedule` (
  `id` int(11) NOT NULL AUTO_INCREMENT,
  `userId` int(11) NOT NULL,
  `date` date NOT NULL,
  `start` time NOT NULL,
  `end` time NOT NULL,
  `studentId` varchar(256) DEFAULT NULL,
  PRIMARY KEY (`id`),
  UNIQUE KEY `userId` (`userId`,`date`,`start`),
  CONSTRAINT `advising_schedule_ibfk_1` FOREIGN KEY (`userId`) REFERENCES `user_advisor` (`userId`) ON DELETE CASCADE ON UPDATE CASCADE
) ENGINE=InnoDB AUTO_INCREMENT=7790 DEFAULT CHARSET=utf8;
/*!40101 SET character_set_client = @saved_cs_client */;

--
-- Dumping data for table `advising_schedule`
--

LOCK TABLES `advising_schedule` WRITE;
/*!40000 ALTER TABLE `advising_schedule` DISABLE KEYS */;
INSERT INTO `advising_schedule` VALUES (6635,96,'2016-04-12','12:00:00','12:05:00',NULL),(6636,96,'2016-04-12','12:05:00','12:10:00',NULL),(6637,96,'2016-04-12','12:10:00','12:15:00',NULL),(6638,96,'2016-04-12','12:15:00','12:20:00',NULL),(6639,96,'2016-04-12','12:20:00','12:25:00',NULL),(6640,96,'2016-04-12','12:25:00','12:30:00',NULL),(6641,96,'2016-04-12','12:30:00','12:35:00',NULL),(6642,96,'2016-04-12','12:35:00','12:40:00',NULL),(6643,96,'2016-04-12','12:40:00','12:45:00',NULL),(6644,96,'2016-04-12','12:45:00','12:50:00',NULL),(6645,96,'2016-04-12','12:50:00','12:55:00',NULL),(6646,96,'2016-04-12','12:55:00','13:00:00',NULL),(6647,96,'2016-04-12','13:00:00','13:05:00',NULL),(6648,96,'2016-04-12','13:05:00','13:10:00',NULL),(6649,96,'2016-04-12','13:10:00','13:15:00',NULL),(6650,96,'2016-04-12','13:15:00','13:20:00',NULL),(6651,96,'2016-04-12','13:20:00','13:25:00',NULL),(6652,96,'2016-04-12','13:25:00','13:30:00',NULL),(6653,96,'2016-04-12','13:30:00','13:35:00',NULL),(6654,96,'2016-04-12','13:35:00','13:40:00',NULL),(6655,96,'2016-04-12','13:40:00','13:45:00',NULL),(6656,96,'2016-04-12','13:45:00','13:50:00',NULL),(6657,96,'2016-04-12','13:50:00','13:55:00',NULL),(6658,96,'2016-04-12','13:55:00','14:00:00',NULL),(6659,96,'2016-04-12','14:00:00','14:05:00',NULL),(6660,96,'2016-04-12','14:05:00','14:10:00',NULL),(6661,96,'2016-04-12','14:10:00','14:15:00',NULL),(6662,96,'2016-04-12','14:15:00','14:20:00',NULL),(6663,96,'2016-04-12','14:20:00','14:25:00',NULL),(6664,96,'2016-04-12','14:25:00','14:30:00',NULL),(6665,96,'2016-04-12','14:30:00','14:35:00',NULL),(6666,96,'2016-04-12','14:35:00','14:40:00',NULL),(6667,96,'2016-04-12','14:40:00','14:45:00',NULL),(6668,96,'2016-04-12','14:45:00','14:50:00',NULL),(6669,96,'2016-04-12','14:50:00','14:55:00',NULL),(6670,96,'2016-04-12','14:55:00','15:00:00',NULL),(6671,96,'2016-04-19','12:00:00','12:05:00',NULL),(6672,96,'2016-04-19','12:05:00','12:10:00',NULL),(6673,96,'2016-04-19','12:10:00','12:15:00',NULL),(6674,96,'2016-04-19','12:15:00','12:20:00',NULL),(6675,96,'2016-04-19','12:20:00','12:25:00',NULL),(6676,96,'2016-04-19','12:25:00','12:30:00',NULL),(6677,96,'2016-04-19','12:30:00','12:35:00',NULL),(6678,96,'2016-04-19','12:35:00','12:40:00',NULL),(6679,96,'2016-04-19','12:40:00','12:45:00',NULL),(6680,96,'2016-04-19','12:45:00','12:50:00',NULL),(6681,96,'2016-04-19','12:50:00','12:55:00',NULL),(6682,96,'2016-04-19','12:55:00','13:00:00',NULL),(6683,96,'2016-04-19','13:00:00','13:05:00',NULL),(6684,96,'2016-04-19','13:05:00','13:10:00',NULL),(6685,96,'2016-04-19','13:10:00','13:15:00',NULL),(6686,96,'2016-04-19','13:15:00','13:20:00',NULL),(6687,96,'2016-04-19','13:20:00','13:25:00',NULL),(6688,96,'2016-04-19','13:25:00','13:30:00',NULL),(6689,96,'2016-04-19','13:30:00','13:35:00',NULL),(6690,96,'2016-04-19','13:35:00','13:40:00',NULL),(6691,96,'2016-04-19','13:40:00','13:45:00',NULL),(6692,96,'2016-04-19','13:45:00','13:50:00',NULL),(6693,96,'2016-04-19','13:50:00','13:55:00',NULL),(6694,96,'2016-04-19','13:55:00','14:00:00',NULL),(6695,96,'2016-04-19','14:00:00','14:05:00',NULL),(6696,96,'2016-04-19','14:05:00','14:10:00',NULL),(6697,96,'2016-04-19','14:10:00','14:15:00',NULL),(6698,96,'2016-04-19','14:15:00','14:20:00',NULL),(6699,96,'2016-04-19','14:20:00','14:25:00',NULL),(6700,96,'2016-04-19','14:25:00','14:30:00',NULL),(6701,96,'2016-04-19','14:30:00','14:35:00',NULL),(6702,96,'2016-04-19','14:35:00','14:40:00',NULL),(6703,96,'2016-04-19','14:40:00','14:45:00',NULL),(6704,96,'2016-04-19','14:45:00','14:50:00',NULL),(6705,96,'2016-04-19','14:50:00','14:55:00',NULL),(6706,96,'2016-04-19','14:55:00','15:00:00',NULL),(6743,96,'2016-04-14','15:30:00','15:35:00',NULL),(6744,96,'2016-04-14','15:35:00','15:40:00',NULL),(6745,96,'2016-04-14','15:40:00','15:45:00',NULL),(6746,96,'2016-04-14','15:45:00','15:50:00',NULL),(6747,96,'2016-04-14','15:50:00','15:55:00',NULL),(6748,96,'2016-04-14','15:55:00','16:00:00',NULL),(6749,96,'2016-04-14','16:00:00','16:05:00',NULL),(6750,96,'2016-04-14','16:05:00','16:10:00',NULL),(6751,96,'2016-04-14','16:10:00','16:15:00',NULL),(6752,96,'2016-04-14','16:15:00','16:20:00',NULL),(6753,96,'2016-04-14','16:20:00','16:25:00',NULL),(6754,96,'2016-04-14','16:25:00','16:30:00',NULL),(6755,96,'2016-04-21','15:30:00','15:35:00',NULL),(6756,96,'2016-04-21','15:35:00','15:40:00',NULL),(6757,96,'2016-04-21','15:40:00','15:45:00',NULL),(6758,96,'2016-04-21','15:45:00','15:50:00',NULL),(6759,96,'2016-04-21','15:50:00','15:55:00',NULL),(6760,96,'2016-04-21','15:55:00','16:00:00',NULL),(6761,96,'2016-04-21','16:00:00','16:05:00',NULL),(6762,96,'2016-04-21','16:05:00','16:10:00',NULL),(6763,96,'2016-04-21','16:10:00','16:15:00',NULL),(6764,96,'2016-04-21','16:15:00','16:20:00',NULL),(6765,96,'2016-04-21','16:20:00','16:25:00',NULL),(6766,96,'2016-04-21','16:25:00','16:30:00',NULL),(6767,104,'2016-04-15','12:30:00','12:35:00',NULL),(6768,104,'2016-04-15','12:35:00','12:40:00',NULL),(6769,104,'2016-04-15','12:40:00','12:45:00',NULL),(6770,104,'2016-04-15','12:45:00','12:50:00',NULL),(6771,104,'2016-04-15','12:50:00','12:55:00',NULL),(6772,104,'2016-04-15','12:55:00','13:00:00',NULL),(6773,104,'2016-04-15','13:00:00','13:05:00',NULL),(6774,104,'2016-04-15','13:05:00','13:10:00',NULL),(6775,104,'2016-04-15','13:10:00','13:15:00',NULL),(6776,104,'2016-04-15','13:15:00','13:20:00',NULL),(6777,104,'2016-04-15','13:20:00','13:25:00',NULL),(6778,104,'2016-04-15','13:25:00','13:30:00',NULL),(6779,104,'2016-04-15','13:30:00','13:35:00',NULL),(6780,104,'2016-04-15','13:35:00','13:40:00',NULL),(6781,104,'2016-04-15','13:40:00','13:45:00',NULL),(6782,104,'2016-04-15','13:45:00','13:50:00',NULL),(6783,104,'2016-04-15','13:50:00','13:55:00',NULL),(6784,104,'2016-04-15','13:55:00','14:00:00',NULL),(6785,104,'2016-04-22','12:30:00','12:35:00',NULL),(6786,104,'2016-04-22','12:35:00','12:40:00',NULL),(6787,104,'2016-04-22','12:40:00','12:45:00',NULL),(6788,104,'2016-04-22','12:45:00','12:50:00',NULL),(6789,104,'2016-04-22','12:50:00','12:55:00',NULL),(6790,104,'2016-04-22','12:55:00','13:00:00',NULL),(6791,104,'2016-04-22','13:00:00','13:05:00',NULL),(6792,104,'2016-04-22','13:05:00','13:10:00',NULL),(6793,104,'2016-04-22','13:10:00','13:15:00',NULL),(6794,104,'2016-04-22','13:15:00','13:20:00',NULL),(6795,104,'2016-04-22','13:20:00','13:25:00',NULL),(6796,104,'2016-04-22','13:25:00','13:30:00',NULL),(6797,104,'2016-04-22','13:30:00','13:35:00',NULL),(6798,104,'2016-04-22','13:35:00','13:40:00',NULL),(6799,104,'2016-04-22','13:40:00','13:45:00',NULL),(6800,104,'2016-04-22','13:45:00','13:50:00',NULL),(6801,104,'2016-04-22','13:50:00','13:55:00',NULL),(6802,104,'2016-04-22','13:55:00','14:00:00',NULL),(6803,104,'2016-04-29','12:30:00','12:35:00',NULL),(6804,104,'2016-04-29','12:35:00','12:40:00',NULL),(6805,104,'2016-04-29','12:40:00','12:45:00',NULL),(6806,104,'2016-04-29','12:45:00','12:50:00',NULL),(6807,104,'2016-04-29','12:50:00','12:55:00',NULL),(6808,104,'2016-04-29','12:55:00','13:00:00',NULL),(6809,104,'2016-04-29','13:00:00','13:05:00',NULL),(6810,104,'2016-04-29','13:05:00','13:10:00',NULL),(6811,104,'2016-04-29','13:10:00','13:15:00',NULL),(6812,104,'2016-04-29','13:15:00','13:20:00',NULL),(6813,104,'2016-04-29','13:20:00','13:25:00',NULL),(6814,104,'2016-04-29','13:25:00','13:30:00',NULL),(6815,104,'2016-04-29','13:30:00','13:35:00',NULL),(6816,104,'2016-04-29','13:35:00','13:40:00',NULL),(6817,104,'2016-04-29','13:40:00','13:45:00',NULL),(6818,104,'2016-04-29','13:45:00','13:50:00',NULL),(6819,104,'2016-04-29','13:50:00','13:55:00',NULL),(6820,104,'2016-04-29','13:55:00','14:00:00',NULL),(6821,104,'2016-05-06','12:30:00','12:35:00',NULL),(6822,104,'2016-05-06','12:35:00','12:40:00',NULL),(6823,104,'2016-05-06','12:40:00','12:45:00',NULL),(6824,104,'2016-05-06','12:45:00','12:50:00',NULL),(6825,104,'2016-05-06','12:50:00','12:55:00',NULL),(6826,104,'2016-05-06','12:55:00','13:00:00',NULL),(6827,104,'2016-05-06','13:00:00','13:05:00',NULL),(6828,104,'2016-05-06','13:05:00','13:10:00',NULL),(6829,104,'2016-05-06','13:10:00','13:15:00',NULL),(6830,104,'2016-05-06','13:15:00','13:20:00',NULL),(6831,104,'2016-05-06','13:20:00','13:25:00',NULL),(6832,104,'2016-05-06','13:25:00','13:30:00',NULL),(6833,104,'2016-05-06','13:30:00','13:35:00',NULL),(6834,104,'2016-05-06','13:35:00','13:40:00',NULL),(6835,104,'2016-05-06','13:40:00','13:45:00',NULL),(6836,104,'2016-05-06','13:45:00','13:50:00',NULL),(6837,104,'2016-05-06','13:50:00','13:55:00',NULL),(6838,104,'2016-05-06','13:55:00','14:00:00',NULL),(6839,104,'2016-05-13','12:30:00','12:35:00',NULL),(6840,104,'2016-05-13','12:35:00','12:40:00',NULL),(6841,104,'2016-05-13','12:40:00','12:45:00',NULL),(6842,104,'2016-05-13','12:45:00','12:50:00',NULL),(6843,104,'2016-05-13','12:50:00','12:55:00',NULL),(6844,104,'2016-05-13','12:55:00','13:00:00',NULL),(6845,104,'2016-05-13','13:00:00','13:05:00',NULL),(6846,104,'2016-05-13','13:05:00','13:10:00',NULL),(6847,104,'2016-05-13','13:10:00','13:15:00',NULL),(6848,104,'2016-05-13','13:15:00','13:20:00',NULL),(6849,104,'2016-05-13','13:20:00','13:25:00',NULL),(6850,104,'2016-05-13','13:25:00','13:30:00',NULL),(6851,104,'2016-05-13','13:30:00','13:35:00',NULL),(6852,104,'2016-05-13','13:35:00','13:40:00',NULL),(6853,104,'2016-05-13','13:40:00','13:45:00',NULL),(6854,104,'2016-05-13','13:45:00','13:50:00',NULL),(6855,104,'2016-05-13','13:50:00','13:55:00',NULL),(6856,104,'2016-05-13','13:55:00','14:00:00',NULL),(6905,96,'2016-05-13','04:00:00','04:05:00',NULL),(6906,96,'2016-05-13','04:05:00','04:10:00',NULL),(6907,96,'2016-05-13','04:10:00','04:15:00',NULL),(6908,96,'2016-05-13','04:15:00','04:20:00',NULL),(6909,96,'2016-05-13','04:20:00','04:25:00',NULL),(6910,96,'2016-05-13','04:25:00','04:30:00',NULL),(6911,96,'2016-05-13','04:30:00','04:35:00',NULL),(6912,96,'2016-05-13','04:35:00','04:40:00',NULL),(6913,96,'2016-05-13','04:40:00','04:45:00',NULL),(6914,96,'2016-05-13','04:45:00','04:50:00',NULL),(6915,96,'2016-05-13','04:50:00','04:55:00',NULL),(6916,96,'2016-05-13','04:55:00','05:00:00',NULL),(6917,96,'2016-05-13','05:00:00','05:05:00',NULL),(6918,96,'2016-05-13','05:05:00','05:10:00',NULL),(6919,96,'2016-05-13','05:10:00','05:15:00',NULL),(6920,96,'2016-05-13','05:15:00','05:20:00',NULL),(6921,96,'2016-05-13','05:20:00','05:25:00',NULL),(6922,96,'2016-05-13','05:25:00','05:30:00',NULL),(6923,96,'2016-05-13','05:30:00','05:35:00',NULL),(6924,96,'2016-05-13','05:35:00','05:40:00',NULL),(6925,96,'2016-05-13','05:40:00','05:45:00',NULL),(6926,96,'2016-05-13','05:45:00','05:50:00',NULL),(6927,96,'2016-05-13','05:50:00','05:55:00',NULL),(6928,96,'2016-05-13','05:55:00','06:00:00',NULL),(6929,96,'2016-05-20','04:00:00','04:05:00',NULL),(6930,96,'2016-05-20','04:05:00','04:10:00',NULL),(6931,96,'2016-05-20','04:10:00','04:15:00',NULL),(6932,96,'2016-05-20','04:15:00','04:20:00',NULL),(6933,96,'2016-05-20','04:20:00','04:25:00',NULL),(6934,96,'2016-05-20','04:25:00','04:30:00',NULL),(6935,96,'2016-05-20','04:30:00','04:35:00',NULL),(6936,96,'2016-05-20','04:35:00','04:40:00',NULL),(6937,96,'2016-05-20','04:40:00','04:45:00',NULL),(6938,96,'2016-05-20','04:45:00','04:50:00',NULL),(6939,96,'2016-05-20','04:50:00','04:55:00',NULL),(6940,96,'2016-05-20','04:55:00','05:00:00',NULL),(6941,96,'2016-05-20','05:00:00','05:05:00',NULL),(6942,96,'2016-05-20','05:05:00','05:10:00',NULL),(6943,96,'2016-05-20','05:10:00','05:15:00',NULL),(6944,96,'2016-05-20','05:15:00','05:20:00',NULL),(6945,96,'2016-05-20','05:20:00','05:25:00',NULL),(6946,96,'2016-05-20','05:25:00','05:30:00',NULL),(6947,96,'2016-05-20','05:30:00','05:35:00',NULL),(6948,96,'2016-05-20','05:35:00','05:40:00',NULL),(6949,96,'2016-05-20','05:40:00','05:45:00',NULL),(6950,96,'2016-05-20','05:45:00','05:50:00',NULL),(6951,96,'2016-05-20','05:50:00','05:55:00',NULL),(6952,96,'2016-05-20','05:55:00','06:00:00',NULL),(6953,96,'2016-05-27','04:00:00','04:05:00',NULL),(6954,96,'2016-05-27','04:05:00','04:10:00',NULL),(6955,96,'2016-05-27','04:10:00','04:15:00',NULL),(6956,96,'2016-05-27','04:15:00','04:20:00',NULL),(6957,96,'2016-05-27','04:20:00','04:25:00',NULL),(6958,96,'2016-05-27','04:25:00','04:30:00',NULL),(6959,96,'2016-05-27','04:30:00','04:35:00',NULL),(6960,96,'2016-05-27','04:35:00','04:40:00',NULL),(6961,96,'2016-05-27','04:40:00','04:45:00',NULL),(6962,96,'2016-05-27','04:45:00','04:50:00',NULL),(6963,96,'2016-05-27','04:50:00','04:55:00',NULL),(6964,96,'2016-05-27','04:55:00','05:00:00',NULL),(6965,96,'2016-05-27','05:00:00','05:05:00',NULL),(6966,96,'2016-05-27','05:05:00','05:10:00',NULL),(6967,96,'2016-05-27','05:10:00','05:15:00',NULL),(6968,96,'2016-05-27','05:15:00','05:20:00',NULL),(6969,96,'2016-05-27','05:20:00','05:25:00',NULL),(6970,96,'2016-05-27','05:25:00','05:30:00',NULL),(6971,96,'2016-05-27','05:30:00','05:35:00',NULL),(6972,96,'2016-05-27','05:35:00','05:40:00',NULL),(6973,96,'2016-05-27','05:40:00','05:45:00',NULL),(6974,96,'2016-05-27','05:45:00','05:50:00',NULL),(6975,96,'2016-05-27','05:50:00','05:55:00',NULL),(6976,96,'2016-05-27','05:55:00','06:00:00',NULL),(7050,96,'2017-04-26','13:17:00','13:22:00',NULL),(7051,96,'2017-04-26','13:22:00','13:27:00',NULL),(7052,96,'2017-04-26','13:27:00','13:32:00',NULL),(7053,96,'2017-04-26','13:32:00','13:37:00',NULL),(7054,96,'2017-04-26','13:37:00','13:42:00',NULL),(7055,96,'2017-04-26','13:42:00','13:47:00',NULL),(7056,96,'2017-04-26','13:47:00','13:52:00',NULL),(7057,96,'2017-04-26','13:52:00','13:57:00',NULL),(7058,96,'2017-04-26','13:57:00','14:02:00',NULL),(7059,96,'2017-04-26','14:02:00','14:07:00',NULL),(7060,96,'2017-04-26','14:07:00','14:12:00',NULL),(7061,96,'2017-04-26','14:12:00','14:17:00',NULL),(7062,96,'2017-04-26','14:17:00','14:22:00',NULL),(7063,96,'2017-04-26','14:22:00','14:27:00',NULL),(7064,96,'2017-04-26','14:27:00','14:32:00',NULL),(7065,96,'2017-04-26','14:32:00','14:37:00',NULL),(7066,96,'2017-04-26','14:37:00','14:42:00',NULL),(7067,96,'2017-04-26','14:42:00','14:47:00',NULL),(7068,96,'2017-04-26','14:47:00','14:52:00',NULL),(7069,96,'2017-04-26','14:52:00','14:57:00',NULL),(7070,96,'2017-04-26','14:57:00','15:02:00',NULL),(7071,96,'2017-04-26','15:02:00','15:07:00',NULL),(7072,96,'2017-04-26','15:07:00','15:12:00',NULL),(7073,96,'2017-04-26','15:12:00','15:17:00',NULL),(7074,96,'2017-04-26','15:17:00','15:22:00',NULL),(7075,96,'2017-04-26','15:22:00','15:27:00',NULL),(7076,96,'2017-04-26','15:27:00','15:32:00',NULL),(7077,96,'2017-04-26','15:32:00','15:37:00',NULL),(7078,96,'2017-04-26','15:37:00','15:42:00',NULL),(7079,96,'2017-04-26','15:42:00','15:47:00',NULL),(7080,96,'2017-04-26','15:47:00','15:52:00',NULL),(7081,96,'2017-04-26','15:52:00','15:57:00',NULL),(7082,96,'2017-04-26','15:57:00','16:02:00',NULL),(7083,96,'2017-04-26','16:02:00','16:07:00',NULL),(7084,96,'2017-04-26','16:07:00','16:12:00',NULL),(7085,96,'2017-04-26','16:12:00','16:17:00',NULL),(7086,96,'2017-04-26','16:17:00','16:22:00',NULL),(7087,96,'2017-04-26','16:22:00','16:27:00',NULL),(7088,96,'2017-04-26','16:27:00','16:32:00',NULL),(7089,96,'2017-04-26','16:32:00','16:37:00',NULL),(7090,96,'2017-04-26','16:37:00','16:42:00',NULL),(7091,96,'2017-04-26','16:42:00','16:47:00',NULL),(7092,96,'2017-04-26','16:47:00','16:52:00',NULL),(7093,96,'2017-04-26','16:52:00','16:57:00',NULL),(7094,96,'2017-04-26','16:57:00','17:02:00',NULL),(7095,96,'2017-04-26','17:02:00','17:07:00',NULL),(7096,96,'2017-04-26','17:07:00','17:12:00',NULL),(7097,96,'2017-04-26','17:12:00','17:17:00',NULL),(7098,96,'2017-04-26','17:17:00','17:22:00',NULL),(7099,96,'2017-05-03','13:17:00','13:22:00',NULL),(7100,96,'2017-05-03','13:22:00','13:27:00',NULL),(7101,96,'2017-05-03','13:27:00','13:32:00',NULL),(7102,96,'2017-05-03','13:32:00','13:37:00',NULL),(7103,96,'2017-05-03','13:37:00','13:42:00',NULL),(7104,96,'2017-05-03','13:42:00','13:47:00',NULL),(7105,96,'2017-05-03','13:47:00','13:52:00',NULL),(7106,96,'2017-05-03','13:52:00','13:57:00',NULL),(7107,96,'2017-05-03','13:57:00','14:02:00',NULL),(7108,96,'2017-05-03','14:02:00','14:07:00',NULL),(7109,96,'2017-05-03','14:07:00','14:12:00',NULL),(7110,96,'2017-05-03','14:12:00','14:17:00',NULL),(7111,96,'2017-05-03','14:17:00','14:22:00',NULL),(7112,96,'2017-05-03','14:22:00','14:27:00',NULL),(7113,96,'2017-05-03','14:27:00','14:32:00',NULL),(7114,96,'2017-05-03','14:32:00','14:37:00',NULL),(7115,96,'2017-05-03','14:37:00','14:42:00',NULL),(7116,96,'2017-05-03','14:42:00','14:47:00',NULL),(7117,96,'2017-05-03','14:47:00','14:52:00',NULL),(7118,96,'2017-05-03','14:52:00','14:57:00',NULL),(7119,96,'2017-05-03','14:57:00','15:02:00',NULL),(7120,96,'2017-05-03','15:02:00','15:07:00',NULL),(7121,96,'2017-05-03','15:07:00','15:12:00',NULL),(7122,96,'2017-05-03','15:12:00','15:17:00',NULL),(7123,96,'2017-05-03','15:17:00','15:22:00',NULL),(7124,96,'2017-05-03','15:22:00','15:27:00',NULL),(7125,96,'2017-05-03','15:27:00','15:32:00',NULL),(7126,96,'2017-05-03','15:32:00','15:37:00',NULL),(7127,96,'2017-05-03','15:37:00','15:42:00',NULL),(7128,96,'2017-05-03','15:42:00','15:47:00',NULL),(7129,96,'2017-05-03','15:47:00','15:52:00',NULL),(7130,96,'2017-05-03','15:52:00','15:57:00',NULL),(7131,96,'2017-05-03','15:57:00','16:02:00',NULL),(7132,96,'2017-05-03','16:02:00','16:07:00',NULL),(7133,96,'2017-05-03','16:07:00','16:12:00',NULL),(7134,96,'2017-05-03','16:12:00','16:17:00',NULL),(7135,96,'2017-05-03','16:17:00','16:22:00',NULL),(7136,96,'2017-05-03','16:22:00','16:27:00',NULL),(7137,96,'2017-05-03','16:27:00','16:32:00',NULL),(7138,96,'2017-05-03','16:32:00','16:37:00',NULL),(7139,96,'2017-05-03','16:37:00','16:42:00',NULL),(7140,96,'2017-05-03','16:42:00','16:47:00',NULL),(7141,96,'2017-05-03','16:47:00','16:52:00',NULL),(7142,96,'2017-05-03','16:52:00','16:57:00',NULL),(7143,96,'2017-05-03','16:57:00','17:02:00',NULL),(7144,96,'2017-05-03','17:02:00','17:07:00',NULL),(7145,96,'2017-05-03','17:07:00','17:12:00',NULL),(7146,96,'2017-05-03','17:12:00','17:17:00',NULL),(7147,96,'2017-05-03','17:17:00','17:22:00',NULL),(7148,96,'2017-05-10','13:17:00','13:22:00',NULL),(7149,96,'2017-05-10','13:22:00','13:27:00',NULL),(7150,96,'2017-05-10','13:27:00','13:32:00',NULL),(7151,96,'2017-05-10','13:32:00','13:37:00',NULL),(7152,96,'2017-05-10','13:37:00','13:42:00',NULL),(7153,96,'2017-05-10','13:42:00','13:47:00',NULL),(7154,96,'2017-05-10','13:47:00','13:52:00',NULL),(7155,96,'2017-05-10','13:52:00','13:57:00',NULL),(7156,96,'2017-05-10','13:57:00','14:02:00',NULL),(7157,96,'2017-05-10','14:02:00','14:07:00',NULL),(7158,96,'2017-05-10','14:07:00','14:12:00',NULL),(7159,96,'2017-05-10','14:12:00','14:17:00',NULL),(7160,96,'2017-05-10','14:17:00','14:22:00',NULL),(7161,96,'2017-05-10','14:22:00','14:27:00',NULL),(7162,96,'2017-05-10','14:27:00','14:32:00',NULL),(7163,96,'2017-05-10','14:32:00','14:37:00',NULL),(7164,96,'2017-05-10','14:37:00','14:42:00',NULL),(7165,96,'2017-05-10','14:42:00','14:47:00',NULL),(7166,96,'2017-05-10','14:47:00','14:52:00',NULL),(7167,96,'2017-05-10','14:52:00','14:57:00',NULL),(7168,96,'2017-05-10','14:57:00','15:02:00',NULL),(7169,96,'2017-05-10','15:02:00','15:07:00',NULL),(7170,96,'2017-05-10','15:07:00','15:12:00',NULL),(7171,96,'2017-05-10','15:12:00','15:17:00',NULL),(7172,96,'2017-05-10','15:17:00','15:22:00',NULL),(7173,96,'2017-05-10','15:22:00','15:27:00',NULL),(7174,96,'2017-05-10','15:27:00','15:32:00',NULL),(7175,96,'2017-05-10','15:32:00','15:37:00',NULL),(7176,96,'2017-05-10','15:37:00','15:42:00',NULL),(7177,96,'2017-05-10','15:42:00','15:47:00',NULL),(7178,96,'2017-05-10','15:47:00','15:52:00',NULL),(7179,96,'2017-05-10','15:52:00','15:57:00',NULL),(7180,96,'2017-05-10','15:57:00','16:02:00',NULL),(7181,96,'2017-05-10','16:02:00','16:07:00',NULL),(7182,96,'2017-05-10','16:07:00','16:12:00',NULL),(7183,96,'2017-05-10','16:12:00','16:17:00',NULL),(7184,96,'2017-05-10','16:17:00','16:22:00',NULL),(7185,96,'2017-05-10','16:22:00','16:27:00',NULL),(7186,96,'2017-05-10','16:27:00','16:32:00',NULL),(7187,96,'2017-05-10','16:32:00','16:37:00',NULL),(7188,96,'2017-05-10','16:37:00','16:42:00',NULL),(7189,96,'2017-05-10','16:42:00','16:47:00',NULL),(7190,96,'2017-05-10','16:47:00','16:52:00',NULL),(7191,96,'2017-05-10','16:52:00','16:57:00',NULL),(7192,96,'2017-05-10','16:57:00','17:02:00',NULL),(7193,96,'2017-05-10','17:02:00','17:07:00',NULL),(7194,96,'2017-05-10','17:07:00','17:12:00',NULL),(7195,96,'2017-05-10','17:12:00','17:17:00',NULL),(7196,96,'2017-05-10','17:17:00','17:22:00',NULL),(7197,96,'2017-05-17','13:17:00','13:22:00',NULL),(7198,96,'2017-05-17','13:22:00','13:27:00',NULL),(7199,96,'2017-05-17','13:27:00','13:32:00',NULL),(7200,96,'2017-05-17','13:32:00','13:37:00',NULL),(7201,96,'2017-05-17','13:37:00','13:42:00',NULL),(7202,96,'2017-05-17','13:42:00','13:47:00',NULL),(7203,96,'2017-05-17','13:47:00','13:52:00',NULL),(7204,96,'2017-05-17','13:52:00','13:57:00',NULL),(7205,96,'2017-05-17','13:57:00','14:02:00',NULL),(7206,96,'2017-05-17','14:02:00','14:07:00',NULL),(7207,96,'2017-05-17','14:07:00','14:12:00',NULL),(7208,96,'2017-05-17','14:12:00','14:17:00',NULL),(7209,96,'2017-05-17','14:17:00','14:22:00',NULL),(7210,96,'2017-05-17','14:22:00','14:27:00',NULL),(7211,96,'2017-05-17','14:27:00','14:32:00',NULL),(7212,96,'2017-05-17','14:32:00','14:37:00',NULL),(7213,96,'2017-05-17','14:37:00','14:42:00',NULL),(7214,96,'2017-05-17','14:42:00','14:47:00',NULL),(7215,96,'2017-05-17','14:47:00','14:52:00',NULL),(7216,96,'2017-05-17','14:52:00','14:57:00',NULL),(7217,96,'2017-05-17','14:57:00','15:02:00',NULL),(7218,96,'2017-05-17','15:02:00','15:07:00',NULL),(7219,96,'2017-05-17','15:07:00','15:12:00',NULL),(7220,96,'2017-05-17','15:12:00','15:17:00',NULL),(7221,96,'2017-05-17','15:17:00','15:22:00',NULL),(7222,96,'2017-05-17','15:22:00','15:27:00',NULL),(7223,96,'2017-05-17','15:27:00','15:32:00',NULL),(7224,96,'2017-05-17','15:32:00','15:37:00',NULL),(7225,96,'2017-05-17','15:37:00','15:42:00',NULL),(7226,96,'2017-05-17','15:42:00','15:47:00',NULL),(7227,96,'2017-05-17','15:47:00','15:52:00',NULL),(7228,96,'2017-05-17','15:52:00','15:57:00',NULL),(7229,96,'2017-05-17','15:57:00','16:02:00',NULL),(7230,96,'2017-05-17','16:02:00','16:07:00',NULL),(7231,96,'2017-05-17','16:07:00','16:12:00',NULL),(7232,96,'2017-05-17','16:12:00','16:17:00',NULL),(7233,96,'2017-05-17','16:17:00','16:22:00',NULL),(7234,96,'2017-05-17','16:22:00','16:27:00',NULL),(7235,96,'2017-05-17','16:27:00','16:32:00',NULL),(7236,96,'2017-05-17','16:32:00','16:37:00',NULL),(7237,96,'2017-05-17','16:37:00','16:42:00',NULL),(7238,96,'2017-05-17','16:42:00','16:47:00',NULL),(7239,96,'2017-05-17','16:47:00','16:52:00',NULL),(7240,96,'2017-05-17','16:52:00','16:57:00',NULL),(7241,96,'2017-05-17','16:57:00','17:02:00',NULL),(7242,96,'2017-05-17','17:02:00','17:07:00',NULL),(7243,96,'2017-05-17','17:07:00','17:12:00',NULL),(7244,96,'2017-05-17','17:12:00','17:17:00',NULL),(7245,96,'2017-05-17','17:17:00','17:22:00',NULL),(7246,96,'2017-05-24','13:17:00','13:22:00',NULL),(7247,96,'2017-05-24','13:22:00','13:27:00',NULL),(7248,96,'2017-05-24','13:27:00','13:32:00',NULL),(7249,96,'2017-05-24','13:32:00','13:37:00',NULL),(7250,96,'2017-05-24','13:37:00','13:42:00',NULL),(7251,96,'2017-05-24','13:42:00','13:47:00',NULL),(7252,96,'2017-05-24','13:47:00','13:52:00',NULL),(7253,96,'2017-05-24','13:52:00','13:57:00',NULL),(7254,96,'2017-05-24','13:57:00','14:02:00',NULL),(7255,96,'2017-05-24','14:02:00','14:07:00',NULL),(7256,96,'2017-05-24','14:07:00','14:12:00',NULL),(7257,96,'2017-05-24','14:12:00','14:17:00',NULL),(7258,96,'2017-05-24','14:17:00','14:22:00',NULL),(7259,96,'2017-05-24','14:22:00','14:27:00',NULL),(7260,96,'2017-05-24','14:27:00','14:32:00',NULL),(7261,96,'2017-05-24','14:32:00','14:37:00',NULL),(7262,96,'2017-05-24','14:37:00','14:42:00',NULL),(7263,96,'2017-05-24','14:42:00','14:47:00',NULL),(7264,96,'2017-05-24','14:47:00','14:52:00',NULL),(7265,96,'2017-05-24','14:52:00','14:57:00',NULL),(7266,96,'2017-05-24','14:57:00','15:02:00',NULL),(7267,96,'2017-05-24','15:02:00','15:07:00',NULL),(7268,96,'2017-05-24','15:07:00','15:12:00',NULL),(7269,96,'2017-05-24','15:12:00','15:17:00',NULL),(7270,96,'2017-05-24','15:17:00','15:22:00',NULL),(7271,96,'2017-05-24','15:22:00','15:27:00',NULL),(7272,96,'2017-05-24','15:27:00','15:32:00',NULL),(7273,96,'2017-05-24','15:32:00','15:37:00',NULL),(7274,96,'2017-05-24','15:37:00','15:42:00',NULL),(7275,96,'2017-05-24','15:42:00','15:47:00',NULL),(7276,96,'2017-05-24','15:47:00','15:52:00',NULL),(7277,96,'2017-05-24','15:52:00','15:57:00',NULL),(7278,96,'2017-05-24','15:57:00','16:02:00',NULL),(7279,96,'2017-05-24','16:02:00','16:07:00',NULL),(7280,96,'2017-05-24','16:07:00','16:12:00',NULL),(7281,96,'2017-05-24','16:12:00','16:17:00',NULL),(7282,96,'2017-05-24','16:17:00','16:22:00',NULL),(7283,96,'2017-05-24','16:22:00','16:27:00',NULL),(7284,96,'2017-05-24','16:27:00','16:32:00',NULL),(7285,96,'2017-05-24','16:32:00','16:37:00',NULL),(7286,96,'2017-05-24','16:37:00','16:42:00',NULL),(7287,96,'2017-05-24','16:42:00','16:47:00',NULL),(7288,96,'2017-05-24','16:47:00','16:52:00',NULL),(7289,96,'2017-05-24','16:52:00','16:57:00',NULL),(7290,96,'2017-05-24','16:57:00','17:02:00',NULL),(7291,96,'2017-05-24','17:02:00','17:07:00',NULL),(7292,96,'2017-05-24','17:07:00','17:12:00',NULL),(7293,96,'2017-05-24','17:12:00','17:17:00',NULL),(7294,96,'2017-05-24','17:17:00','17:22:00',NULL),(7295,96,'2017-05-31','13:17:00','13:22:00',NULL),(7296,96,'2017-05-31','13:22:00','13:27:00',NULL),(7297,96,'2017-05-31','13:27:00','13:32:00',NULL),(7298,96,'2017-05-31','13:32:00','13:37:00',NULL),(7299,96,'2017-05-31','13:37:00','13:42:00',NULL),(7300,96,'2017-05-31','13:42:00','13:47:00',NULL),(7301,96,'2017-05-31','13:47:00','13:52:00',NULL),(7302,96,'2017-05-31','13:52:00','13:57:00',NULL),(7303,96,'2017-05-31','13:57:00','14:02:00',NULL),(7304,96,'2017-05-31','14:02:00','14:07:00',NULL),(7305,96,'2017-05-31','14:07:00','14:12:00',NULL),(7306,96,'2017-05-31','14:12:00','14:17:00',NULL),(7307,96,'2017-05-31','14:17:00','14:22:00',NULL),(7308,96,'2017-05-31','14:22:00','14:27:00',NULL),(7309,96,'2017-05-31','14:27:00','14:32:00',NULL),(7310,96,'2017-05-31','14:32:00','14:37:00',NULL),(7311,96,'2017-05-31','14:37:00','14:42:00',NULL),(7312,96,'2017-05-31','14:42:00','14:47:00',NULL),(7313,96,'2017-05-31','14:47:00','14:52:00',NULL),(7314,96,'2017-05-31','14:52:00','14:57:00',NULL),(7315,96,'2017-05-31','14:57:00','15:02:00',NULL),(7316,96,'2017-05-31','15:02:00','15:07:00',NULL),(7317,96,'2017-05-31','15:07:00','15:12:00',NULL),(7318,96,'2017-05-31','15:12:00','15:17:00',NULL),(7319,96,'2017-05-31','15:17:00','15:22:00',NULL),(7320,96,'2017-05-31','15:22:00','15:27:00',NULL),(7321,96,'2017-05-31','15:27:00','15:32:00',NULL),(7322,96,'2017-05-31','15:32:00','15:37:00',NULL),(7323,96,'2017-05-31','15:37:00','15:42:00',NULL),(7324,96,'2017-05-31','15:42:00','15:47:00',NULL),(7325,96,'2017-05-31','15:47:00','15:52:00',NULL),(7326,96,'2017-05-31','15:52:00','15:57:00',NULL),(7327,96,'2017-05-31','15:57:00','16:02:00',NULL),(7328,96,'2017-05-31','16:02:00','16:07:00',NULL),(7329,96,'2017-05-31','16:07:00','16:12:00',NULL),(7330,96,'2017-05-31','16:12:00','16:17:00',NULL),(7331,96,'2017-05-31','16:17:00','16:22:00',NULL),(7332,96,'2017-05-31','16:22:00','16:27:00',NULL),(7333,96,'2017-05-31','16:27:00','16:32:00',NULL),(7334,96,'2017-05-31','16:32:00','16:37:00',NULL),(7335,96,'2017-05-31','16:37:00','16:42:00',NULL),(7336,96,'2017-05-31','16:42:00','16:47:00',NULL),(7337,96,'2017-05-31','16:47:00','16:52:00',NULL),(7338,96,'2017-05-31','16:52:00','16:57:00',NULL),(7339,96,'2017-05-31','16:57:00','17:02:00',NULL),(7340,96,'2017-05-31','17:02:00','17:07:00',NULL),(7341,96,'2017-05-31','17:07:00','17:12:00',NULL),(7342,96,'2017-05-31','17:12:00','17:17:00',NULL),(7343,96,'2017-05-31','17:17:00','17:22:00',NULL),(7344,96,'2017-06-07','13:17:00','13:22:00',NULL),(7345,96,'2017-06-07','13:22:00','13:27:00',NULL),(7346,96,'2017-06-07','13:27:00','13:32:00',NULL),(7347,96,'2017-06-07','13:32:00','13:37:00',NULL),(7348,96,'2017-06-07','13:37:00','13:42:00',NULL),(7349,96,'2017-06-07','13:42:00','13:47:00',NULL),(7350,96,'2017-06-07','13:47:00','13:52:00',NULL),(7351,96,'2017-06-07','13:52:00','13:57:00',NULL),(7352,96,'2017-06-07','13:57:00','14:02:00',NULL),(7353,96,'2017-06-07','14:02:00','14:07:00',NULL),(7354,96,'2017-06-07','14:07:00','14:12:00',NULL),(7355,96,'2017-06-07','14:12:00','14:17:00',NULL),(7356,96,'2017-06-07','14:17:00','14:22:00',NULL),(7357,96,'2017-06-07','14:22:00','14:27:00',NULL),(7358,96,'2017-06-07','14:27:00','14:32:00',NULL),(7359,96,'2017-06-07','14:32:00','14:37:00',NULL),(7360,96,'2017-06-07','14:37:00','14:42:00',NULL),(7361,96,'2017-06-07','14:42:00','14:47:00',NULL),(7362,96,'2017-06-07','14:47:00','14:52:00',NULL),(7363,96,'2017-06-07','14:52:00','14:57:00',NULL),(7364,96,'2017-06-07','14:57:00','15:02:00',NULL),(7365,96,'2017-06-07','15:02:00','15:07:00',NULL),(7366,96,'2017-06-07','15:07:00','15:12:00',NULL),(7367,96,'2017-06-07','15:12:00','15:17:00',NULL),(7368,96,'2017-06-07','15:17:00','15:22:00',NULL),(7369,96,'2017-06-07','15:22:00','15:27:00',NULL),(7370,96,'2017-06-07','15:27:00','15:32:00',NULL),(7371,96,'2017-06-07','15:32:00','15:37:00',NULL),(7372,96,'2017-06-07','15:37:00','15:42:00',NULL),(7373,96,'2017-06-07','15:42:00','15:47:00',NULL),(7374,96,'2017-06-07','15:47:00','15:52:00',NULL),(7375,96,'2017-06-07','15:52:00','15:57:00',NULL),(7376,96,'2017-06-07','15:57:00','16:02:00',NULL),(7377,96,'2017-06-07','16:02:00','16:07:00',NULL),(7378,96,'2017-06-07','16:07:00','16:12:00',NULL),(7379,96,'2017-06-07','16:12:00','16:17:00',NULL),(7380,96,'2017-06-07','16:17:00','16:22:00',NULL),(7381,96,'2017-06-07','16:22:00','16:27:00',NULL),(7382,96,'2017-06-07','16:27:00','16:32:00',NULL),(7383,96,'2017-06-07','16:32:00','16:37:00',NULL),(7384,96,'2017-06-07','16:37:00','16:42:00',NULL),(7385,96,'2017-06-07','16:42:00','16:47:00',NULL),(7386,96,'2017-06-07','16:47:00','16:52:00',NULL),(7387,96,'2017-06-07','16:52:00','16:57:00',NULL),(7388,96,'2017-06-07','16:57:00','17:02:00',NULL),(7389,96,'2017-06-07','17:02:00','17:07:00',NULL),(7390,96,'2017-06-07','17:07:00','17:12:00',NULL),(7391,96,'2017-06-07','17:12:00','17:17:00',NULL),(7392,96,'2017-06-07','17:17:00','17:22:00',NULL),(7393,96,'2016-04-26','02:01:00','02:06:00',NULL),(7394,96,'2016-04-26','02:06:00','02:11:00',NULL),(7395,96,'2016-04-26','02:11:00','02:16:00',NULL),(7396,96,'2016-04-26','02:16:00','02:21:00',NULL),(7397,96,'2016-04-26','02:21:00','02:26:00',NULL),(7398,96,'2016-04-26','02:26:00','02:31:00',NULL),(7399,96,'2016-04-26','02:31:00','02:36:00',NULL),(7400,96,'2016-04-26','02:36:00','02:41:00',NULL),(7401,96,'2016-04-26','02:41:00','02:46:00',NULL),(7402,96,'2016-04-26','02:46:00','02:51:00',NULL),(7403,96,'2016-04-26','02:51:00','02:56:00',NULL),(7404,96,'2016-04-26','02:56:00','03:01:00',NULL),(7405,96,'2016-04-26','03:01:00','03:06:00',NULL),(7406,96,'2016-04-26','03:06:00','03:11:00',NULL),(7407,96,'2016-04-26','03:11:00','03:16:00',NULL),(7408,96,'2016-04-26','03:16:00','03:21:00',NULL),(7409,96,'2016-04-26','03:21:00','03:26:00',NULL),(7410,96,'2016-04-26','03:26:00','03:31:00',NULL),(7411,96,'2016-04-26','03:31:00','03:36:00',NULL),(7412,96,'2016-04-26','03:36:00','03:41:00',NULL),(7413,96,'2016-04-26','03:41:00','03:46:00',NULL),(7414,96,'2016-04-26','03:46:00','03:51:00',NULL),(7415,96,'2016-04-26','03:51:00','03:56:00',NULL),(7416,96,'2016-04-26','03:56:00','04:01:00',NULL),(7417,96,'2016-04-26','04:01:00','04:06:00',NULL),(7418,96,'2016-04-29','13:10:00','13:15:00',NULL),(7419,96,'2016-04-29','13:15:00','13:20:00',NULL),(7420,96,'2016-04-29','13:20:00','13:25:00',NULL),(7421,96,'2016-04-29','13:25:00','13:30:00',NULL),(7422,96,'2016-04-29','13:30:00','13:35:00',NULL),(7423,96,'2016-04-29','13:35:00','13:40:00',NULL),(7424,96,'2016-04-29','13:40:00','13:45:00',NULL),(7425,96,'2016-04-29','13:45:00','13:50:00',NULL),(7426,96,'2016-04-29','13:50:00','13:55:00',NULL),(7427,96,'2016-04-29','13:55:00','14:00:00',NULL),(7428,96,'2016-04-29','14:00:00','14:05:00',NULL),(7429,96,'2016-04-29','14:05:00','14:10:00',NULL),(7442,96,'2016-05-13','13:10:00','13:15:00',NULL),(7443,96,'2016-05-13','13:15:00','13:20:00',NULL),(7444,96,'2016-05-13','13:20:00','13:25:00',NULL),(7445,96,'2016-05-13','13:25:00','13:30:00',NULL),(7446,96,'2016-05-13','13:30:00','13:35:00',NULL),(7447,96,'2016-05-13','13:35:00','13:40:00',NULL),(7448,96,'2016-05-13','13:40:00','13:45:00',NULL),(7449,96,'2016-05-13','13:45:00','13:50:00',NULL),(7450,96,'2016-05-13','13:50:00','13:55:00',NULL),(7451,96,'2016-05-13','13:55:00','14:00:00',NULL),(7452,96,'2016-05-13','14:00:00','14:05:00',NULL),(7453,96,'2016-05-13','14:05:00','14:10:00',NULL),(7454,96,'2016-05-20','13:10:00','13:15:00',NULL),(7455,96,'2016-05-20','13:15:00','13:20:00',NULL),(7456,96,'2016-05-20','13:20:00','13:25:00',NULL),(7457,96,'2016-05-20','13:25:00','13:30:00',NULL),(7458,96,'2016-05-20','13:30:00','13:35:00',NULL),(7459,96,'2016-05-20','13:35:00','13:40:00',NULL),(7460,96,'2016-05-20','13:40:00','13:45:00',NULL),(7461,96,'2016-05-20','13:45:00','13:50:00',NULL),(7462,96,'2016-05-20','13:50:00','13:55:00',NULL),(7463,96,'2016-05-20','13:55:00','14:00:00',NULL),(7464,96,'2016-05-20','14:00:00','14:05:00',NULL),(7465,96,'2016-05-20','14:05:00','14:10:00',NULL),(7466,96,'2016-05-27','13:10:00','13:15:00',NULL),(7467,96,'2016-05-27','13:15:00','13:20:00',NULL),(7468,96,'2016-05-27','13:20:00','13:25:00',NULL),(7469,96,'2016-05-27','13:25:00','13:30:00',NULL),(7470,96,'2016-05-27','13:30:00','13:35:00',NULL),(7471,96,'2016-05-27','13:35:00','13:40:00',NULL),(7472,96,'2016-05-27','13:40:00','13:45:00',NULL),(7473,96,'2016-05-27','13:45:00','13:50:00',NULL),(7474,96,'2016-05-27','13:50:00','13:55:00',NULL),(7475,96,'2016-05-27','13:55:00','14:00:00',NULL),(7476,96,'2016-05-27','14:00:00','14:05:00',NULL),(7477,96,'2016-05-27','14:05:00','14:10:00',NULL),(7496,96,'2016-05-12','02:00:00','02:05:00',NULL),(7497,96,'2016-05-12','02:05:00','02:10:00',NULL),(7498,96,'2016-05-12','02:10:00','02:15:00',NULL),(7499,96,'2016-05-12','02:15:00','02:20:00',NULL),(7500,96,'2016-05-12','02:20:00','02:25:00',NULL),(7501,96,'2016-05-12','02:25:00','02:30:00',NULL),(7502,96,'2016-05-12','02:30:00','02:35:00',NULL),(7503,96,'2016-05-12','02:35:00','02:40:00',NULL),(7504,96,'2016-05-12','02:40:00','02:45:00',NULL),(7505,96,'2016-05-12','02:45:00','02:50:00',NULL),(7506,96,'2016-05-12','02:50:00','02:55:00',NULL),(7507,96,'2016-05-12','02:55:00','03:00:00',NULL),(7508,96,'2016-05-08','02:04:00','02:09:00',NULL),(7509,96,'2016-05-08','02:09:00','02:14:00',NULL),(7510,96,'2016-05-08','02:14:00','02:19:00',NULL),(7511,96,'2016-05-08','02:19:00','02:24:00',NULL),(7512,96,'2016-05-08','02:24:00','02:29:00',NULL),(7513,96,'2016-05-08','02:29:00','02:34:00',NULL),(7514,96,'2016-05-08','02:34:00','02:39:00',NULL),(7515,96,'2016-05-08','02:39:00','02:44:00',NULL),(7516,96,'2016-05-08','02:44:00','02:49:00',NULL),(7517,96,'2016-05-08','02:49:00','02:54:00',NULL),(7518,96,'2016-05-08','02:54:00','02:59:00',NULL),(7519,96,'2016-05-08','02:59:00','03:04:00',NULL),(7520,96,'2016-05-08','03:04:00','03:09:00',NULL),(7533,96,'2016-04-28','02:22:00','02:27:00',NULL),(7534,96,'2016-04-28','02:27:00','02:32:00',NULL),(7535,96,'2016-04-28','02:32:00','02:37:00',NULL),(7536,96,'2016-04-28','02:37:00','02:42:00',NULL),(7537,96,'2016-04-28','02:42:00','02:47:00',NULL),(7538,96,'2016-04-28','02:47:00','02:52:00',NULL),(7539,96,'2016-04-28','02:52:00','02:57:00',NULL),(7540,96,'2016-04-28','02:57:00','03:02:00',NULL),(7541,96,'2016-04-28','03:02:00','03:07:00',NULL),(7542,96,'2016-04-28','03:07:00','03:12:00',NULL),(7543,96,'2016-04-28','03:12:00','03:17:00',NULL),(7544,96,'2016-04-28','03:17:00','03:22:00',NULL),(7545,96,'2016-04-28','03:22:00','03:27:00',NULL),(7621,96,'2016-04-27','03:01:00','03:06:00',NULL),(7622,96,'2016-04-27','03:06:00','03:11:00',NULL),(7623,96,'2016-04-27','03:11:00','03:16:00',NULL),(7624,96,'2016-04-27','03:16:00','03:21:00',NULL),(7665,96,'2016-05-05','00:23:00','00:28:00',NULL),(7666,96,'2016-05-05','00:28:00','00:33:00',NULL),(7667,96,'2016-05-05','00:33:00','00:38:00',NULL),(7668,96,'2016-05-05','00:38:00','00:43:00',NULL),(7669,96,'2016-05-05','00:43:00','00:48:00',NULL),(7670,96,'2016-05-05','00:48:00','00:53:00',NULL),(7671,96,'2016-05-05','00:53:00','00:58:00',NULL),(7672,96,'2016-05-05','00:58:00','01:03:00',NULL),(7673,96,'2016-05-05','01:03:00','01:08:00',NULL),(7674,96,'2016-05-05','01:08:00','01:13:00',NULL),(7675,96,'2016-05-05','01:13:00','01:18:00',NULL),(7676,96,'2016-05-05','01:18:00','01:23:00',NULL),(7677,96,'2016-05-05','01:23:00','01:28:00',NULL),(7691,96,'2016-05-07','00:30:00','00:35:00',NULL),(7692,96,'2016-05-07','00:35:00','00:40:00',NULL),(7693,96,'2016-05-07','00:40:00','00:45:00',NULL),(7694,96,'2016-05-07','00:45:00','00:50:00',NULL),(7695,96,'2016-05-07','00:50:00','00:55:00',NULL),(7696,96,'2016-05-07','00:55:00','01:00:00',NULL),(7697,96,'2016-05-07','01:00:00','01:05:00',NULL),(7698,96,'2016-05-07','01:05:00','01:10:00',NULL),(7699,96,'2016-05-07','01:10:00','01:15:00',NULL),(7700,96,'2016-05-07','01:15:00','01:20:00',NULL),(7701,96,'2016-05-07','01:20:00','01:25:00',NULL),(7702,96,'2016-05-07','01:25:00','01:30:00',NULL),(7703,96,'2016-05-01','00:37:00','00:42:00',NULL),(7704,96,'2016-05-01','00:42:00','00:47:00',NULL),(7705,96,'2016-05-01','00:47:00','00:52:00',NULL),(7706,96,'2016-05-01','00:52:00','00:57:00',NULL),(7707,96,'2016-05-01','00:57:00','01:02:00',NULL),(7708,96,'2016-05-01','01:02:00','01:07:00',NULL),(7709,96,'2016-05-01','01:07:00','01:12:00',NULL),(7710,96,'2016-05-01','01:12:00','01:17:00',NULL),(7711,96,'2016-05-01','01:17:00','01:22:00',NULL),(7712,96,'2016-05-01','01:22:00','01:27:00',NULL),(7713,96,'2016-05-01','01:27:00','01:32:00',NULL),(7714,96,'2016-05-01','01:32:00','01:37:00',NULL),(7715,96,'2016-05-01','01:37:00','01:42:00',NULL),(7716,96,'2016-05-02','00:38:00','00:43:00',NULL),(7717,96,'2016-05-02','00:43:00','00:48:00',NULL),(7718,96,'2016-05-02','00:48:00','00:53:00',NULL),(7719,96,'2016-05-02','00:53:00','00:58:00',NULL),(7720,96,'2016-05-02','00:58:00','01:03:00',NULL),(7721,96,'2016-05-02','01:03:00','01:08:00',NULL),(7722,96,'2016-05-02','01:08:00','01:13:00',NULL),(7723,96,'2016-05-02','01:13:00','01:18:00',NULL),(7724,96,'2016-05-02','01:18:00','01:23:00',NULL),(7725,96,'2016-05-02','01:23:00','01:28:00',NULL),(7726,96,'2016-05-02','01:28:00','01:33:00',NULL),(7727,96,'2016-05-02','01:33:00','01:38:00',NULL),(7728,96,'2016-05-02','01:38:00','01:43:00',NULL),(7729,96,'2016-05-03','01:48:00','01:53:00',NULL),(7730,96,'2016-05-03','01:53:00','01:58:00',NULL),(7731,96,'2016-05-03','01:58:00','02:03:00',NULL),(7732,96,'2016-05-03','02:03:00','02:08:00',NULL),(7733,96,'2016-05-03','02:08:00','02:13:00',NULL),(7734,96,'2016-05-03','02:13:00','02:18:00',NULL),(7735,96,'2016-05-03','02:18:00','02:23:00',NULL),(7736,96,'2016-05-03','02:23:00','02:28:00',NULL),(7737,96,'2016-05-03','02:28:00','02:33:00',NULL),(7738,96,'2016-05-03','02:33:00','02:38:00',NULL),(7739,96,'2016-05-03','02:38:00','02:43:00',NULL),(7740,96,'2016-05-03','02:43:00','02:48:00',NULL),(7741,96,'2016-05-03','02:48:00','02:53:00',NULL),(7742,96,'2016-05-04','04:30:00','04:35:00',NULL),(7743,96,'2016-05-04','04:35:00','04:40:00',NULL),(7744,96,'2016-05-04','04:40:00','04:45:00',NULL),(7745,96,'2016-05-04','04:45:00','04:50:00',NULL),(7746,96,'2016-05-04','04:50:00','04:55:00',NULL),(7747,96,'2016-05-04','04:55:00','05:00:00',NULL),(7748,96,'2016-05-04','05:00:00','05:05:00',NULL),(7749,96,'2016-05-04','05:05:00','05:10:00',NULL),(7750,96,'2016-05-04','05:10:00','05:15:00',NULL),(7751,96,'2016-05-04','05:15:00','05:20:00',NULL),(7752,96,'2016-05-04','05:20:00','05:25:00',NULL),(7753,96,'2016-05-04','05:25:00','05:30:00',NULL),(7754,96,'2016-05-11','04:30:00','04:35:00',NULL),(7755,96,'2016-05-11','04:35:00','04:40:00',NULL),(7756,96,'2016-05-11','04:40:00','04:45:00',NULL),(7757,96,'2016-05-11','04:45:00','04:50:00',NULL),(7758,96,'2016-05-11','04:50:00','04:55:00',NULL),(7759,96,'2016-05-11','04:55:00','05:00:00',NULL),(7760,96,'2016-05-11','05:00:00','05:05:00',NULL),(7761,96,'2016-05-11','05:05:00','05:10:00',NULL),(7762,96,'2016-05-11','05:10:00','05:15:00',NULL),(7763,96,'2016-05-11','05:15:00','05:20:00',NULL),(7764,96,'2016-05-11','05:20:00','05:25:00',NULL),(7765,96,'2016-05-11','05:25:00','05:30:00',NULL),(7766,96,'2016-05-18','04:30:00','04:35:00',NULL),(7767,96,'2016-05-18','04:35:00','04:40:00',NULL),(7768,96,'2016-05-18','04:40:00','04:45:00',NULL),(7769,96,'2016-05-18','04:45:00','04:50:00',NULL),(7770,96,'2016-05-18','04:50:00','04:55:00',NULL),(7771,96,'2016-05-18','04:55:00','05:00:00',NULL),(7772,96,'2016-05-18','05:00:00','05:05:00',NULL),(7773,96,'2016-05-18','05:05:00','05:10:00',NULL),(7774,96,'2016-05-18','05:10:00','05:15:00',NULL),(7775,96,'2016-05-18','05:15:00','05:20:00',NULL),(7776,96,'2016-05-18','05:20:00','05:25:00',NULL),(7777,96,'2016-05-18','05:25:00','05:30:00',NULL),(7778,96,'2016-05-25','04:30:00','04:35:00',NULL),(7779,96,'2016-05-25','04:35:00','04:40:00',NULL),(7780,96,'2016-05-25','04:40:00','04:45:00',NULL),(7781,96,'2016-05-25','04:45:00','04:50:00',NULL),(7782,96,'2016-05-25','04:50:00','04:55:00',NULL),(7783,96,'2016-05-25','04:55:00','05:00:00',NULL),(7784,96,'2016-05-25','05:00:00','05:05:00',NULL),(7785,96,'2016-05-25','05:05:00','05:10:00',NULL),(7786,96,'2016-05-25','05:10:00','05:15:00',NULL),(7787,96,'2016-05-25','05:15:00','05:20:00',NULL),(7788,96,'2016-05-25','05:20:00','05:25:00',NULL),(7789,96,'2016-05-25','05:25:00','05:30:00',NULL);
/*!40000 ALTER TABLE `advising_schedule` ENABLE KEYS */;
UNLOCK TABLES;

--
-- Table structure for table `advising_session`
--

DROP TABLE IF EXISTS `advising_session`;
/*!40101 SET @saved_cs_client     = @@character_set_client */;
/*!40101 SET character_set_client = utf8 */;
CREATE TABLE `advising_session` (
  `sessionId` int(11) NOT NULL AUTO_INCREMENT,
  `slotId` int(11) DEFAULT NULL,
  PRIMARY KEY (`sessionId`),
  KEY `slotId` (`slotId`),
  CONSTRAINT `advising_session_ibfk_1` FOREIGN KEY (`slotId`) REFERENCES `advising_schedule` (`id`)
) ENGINE=InnoDB AUTO_INCREMENT=103 DEFAULT CHARSET=utf8;
/*!40101 SET character_set_client = @saved_cs_client */;

--
-- Dumping data for table `advising_session`
--

LOCK TABLES `advising_session` WRITE;
/*!40000 ALTER TABLE `advising_session` DISABLE KEYS */;
INSERT INTO `advising_session` VALUES (3,7676),(2,7677),(4,7691),(5,7692),(6,7693),(7,7694),(8,7695),(9,7696),(10,7697),(11,7698),(12,7699),(13,7700),(14,7701),(15,7702),(16,7703),(17,7704),(18,7705),(19,7706),(20,7707),(21,7708),(22,7709),(23,7710),(24,7711),(25,7712),(26,7713),(27,7714),(28,7715),(29,7716),(30,7717),(31,7718),(32,7719),(33,7720),(34,7721),(35,7722),(36,7723),(37,7724),(38,7725),(39,7726),(40,7727),(41,7728),(42,7729),(43,7730),(44,7731),(45,7732),(46,7733),(47,7734),(48,7735),(49,7736),(50,7737),(51,7738),(52,7739),(53,7740),(54,7741),(55,7742),(56,7743),(57,7744),(58,7745),(59,7746),(60,7747),(61,7748),(62,7749),(63,7750),(64,7751),(65,7752),(66,7753),(67,7754),(68,7755),(69,7756),(70,7757),(71,7758),(72,7759),(73,7760),(74,7761),(75,7762),(76,7763),(77,7764),(78,7765),(79,7766),(80,7767),(81,7768),(82,7769),(83,7770),(84,7771),(85,7772),(86,7773),(87,7774),(88,7775),(89,7776),(90,7777),(91,7778),(92,7779),(93,7780),(94,7781),(95,7782),(96,7783),(97,7784),(98,7785),(99,7786),(100,7787),(101,7788),(102,7789);
/*!40000 ALTER TABLE `advising_session` ENABLE KEYS */;
UNLOCK TABLES;

--
-- Table structure for table `appointment_types`
--

DROP TABLE IF EXISTS `appointment_types`;
/*!40101 SET @saved_cs_client     = @@character_set_client */;
/*!40101 SET character_set_client = utf8 */;
CREATE TABLE `appointment_types` (
  `userId` int(11) NOT NULL,
  `type` varchar(45) NOT NULL,
  `duration` int(11) NOT NULL,
  `colortype` varchar(20) DEFAULT NULL,
  PRIMARY KEY (`userId`,`type`),
  UNIQUE KEY `userId` (`userId`,`type`),
  CONSTRAINT `appointment_types_ibfk_1` FOREIGN KEY (`userId`) REFERENCES `user_advisor` (`userId`) ON DELETE CASCADE ON UPDATE CASCADE
) ENGINE=InnoDB DEFAULT CHARSET=utf8;
/*!40101 SET character_set_client = @saved_cs_client */;

--
-- Dumping data for table `appointment_types`
--

LOCK TABLES `appointment_types` WRITE;
/*!40000 ALTER TABLE `appointment_types` DISABLE KEYS */;
INSERT INTO `appointment_types` VALUES (96,'Add class',5,'green'),(96,'swap class',10,'brown');
/*!40000 ALTER TABLE `appointment_types` ENABLE KEYS */;
UNLOCK TABLES;

--
-- Table structure for table `appointments`
--

DROP TABLE IF EXISTS `appointments`;
/*!40101 SET @saved_cs_client     = @@character_set_client */;
/*!40101 SET character_set_client = utf8 */;
CREATE TABLE `appointments` (
  `Id` int(11) NOT NULL AUTO_INCREMENT,
  `advisor_userId` int(11) NOT NULL,
  `student_userId` int(11) DEFAULT NULL,
  `date` date NOT NULL,
  `start` time NOT NULL,
  `end` time NOT NULL,
  `type` varchar(45) NOT NULL,
  `description` varchar(100) DEFAULT NULL,
  `studentId` varchar(256) NOT NULL,
  `student_email` varchar(50) DEFAULT NULL,
  `student_cell` varchar(20) DEFAULT NULL,
  PRIMARY KEY (`Id`),
  KEY `advisor_userId` (`advisor_userId`,`type`),
  CONSTRAINT `appointments_ibfk_1` FOREIGN KEY (`advisor_userId`) REFERENCES `user_advisor` (`userId`) ON DELETE CASCADE ON UPDATE CASCADE,
  CONSTRAINT `appointments_ibfk_2` FOREIGN KEY (`advisor_userId`, `type`) REFERENCES `appointment_types` (`userId`, `type`) ON DELETE CASCADE ON UPDATE CASCADE
) ENGINE=InnoDB DEFAULT CHARSET=utf8;
/*!40101 SET character_set_client = @saved_cs_client */;

--
-- Dumping data for table `appointments`
--

LOCK TABLES `appointments` WRITE;
/*!40000 ALTER TABLE `appointments` DISABLE KEYS */;
/*!40000 ALTER TABLE `appointments` ENABLE KEYS */;
UNLOCK TABLES;

--
-- Table structure for table `degree_type`
--

DROP TABLE IF EXISTS `degree_type`;
/*!40101 SET @saved_cs_client     = @@character_set_client */;
/*!40101 SET character_set_client = utf8 */;
CREATE TABLE `degree_type` (
  `name` varchar(45) NOT NULL,
  PRIMARY KEY (`name`),
  UNIQUE KEY `name` (`name`)
) ENGINE=InnoDB DEFAULT CHARSET=utf8;
/*!40101 SET character_set_client = @saved_cs_client */;

--
-- Dumping data for table `degree_type`
--

LOCK TABLES `degree_type` WRITE;
/*!40000 ALTER TABLE `degree_type` DISABLE KEYS */;
/*!40000 ALTER TABLE `degree_type` ENABLE KEYS */;
UNLOCK TABLES;

--
-- Table structure for table `degree_type_user`
--

DROP TABLE IF EXISTS `degree_type_user`;
/*!40101 SET @saved_cs_client     = @@character_set_client */;
/*!40101 SET character_set_client = utf8 */;
CREATE TABLE `degree_type_user` (
  `name` varchar(45) NOT NULL,
  `userId` int(11) NOT NULL,
  PRIMARY KEY (`name`,`userId`),
  UNIQUE KEY `userId` (`userId`,`name`),
  CONSTRAINT `degree_type_user_ibfk_1` FOREIGN KEY (`name`) REFERENCES `degree_type` (`name`) ON DELETE CASCADE ON UPDATE CASCADE,
  CONSTRAINT `degree_type_user_ibfk_2` FOREIGN KEY (`userId`) REFERENCES `user` (`userId`) ON DELETE CASCADE ON UPDATE CASCADE
) ENGINE=InnoDB DEFAULT CHARSET=utf8;
/*!40101 SET character_set_client = @saved_cs_client */;

--
-- Dumping data for table `degree_type_user`
--

LOCK TABLES `degree_type_user` WRITE;
/*!40000 ALTER TABLE `degree_type_user` DISABLE KEYS */;
/*!40000 ALTER TABLE `degree_type_user` ENABLE KEYS */;
UNLOCK TABLES;

--
-- Table structure for table `department`
--

DROP TABLE IF EXISTS `department`;
/*!40101 SET @saved_cs_client     = @@character_set_client */;
/*!40101 SET character_set_client = utf8 */;
CREATE TABLE `department` (
  `name` varchar(45) NOT NULL,
  PRIMARY KEY (`name`),
  UNIQUE KEY `name` (`name`)
) ENGINE=InnoDB DEFAULT CHARSET=utf8;
/*!40101 SET character_set_client = @saved_cs_client */;

--
-- Dumping data for table `department`
--

LOCK TABLES `department` WRITE;
/*!40000 ALTER TABLE `department` DISABLE KEYS */;
INSERT INTO `department` VALUES ('ARCH'),('CSE'),('MAE'),('MATH');
/*!40000 ALTER TABLE `department` ENABLE KEYS */;
UNLOCK TABLES;

--
-- Table structure for table `department_user`
--

DROP TABLE IF EXISTS `department_user`;
/*!40101 SET @saved_cs_client     = @@character_set_client */;
/*!40101 SET character_set_client = utf8 */;
CREATE TABLE `department_user` (
  `name` varchar(45) NOT NULL,
  `userId` int(11) NOT NULL,
  PRIMARY KEY (`name`,`userId`),
  UNIQUE KEY `userId` (`userId`,`name`),
  CONSTRAINT `department_user_ibfk_1` FOREIGN KEY (`name`) REFERENCES `department` (`name`) ON DELETE CASCADE ON UPDATE CASCADE,
  CONSTRAINT `department_user_ibfk_2` FOREIGN KEY (`userId`) REFERENCES `user` (`userId`) ON DELETE CASCADE ON UPDATE CASCADE
) ENGINE=InnoDB DEFAULT CHARSET=utf8;
/*!40101 SET character_set_client = @saved_cs_client */;

--
-- Dumping data for table `department_user`
--

LOCK TABLES `department_user` WRITE;
/*!40000 ALTER TABLE `department_user` DISABLE KEYS */;
INSERT INTO `department_user` VALUES ('CSE',77),('CSE',96),('CSE',100),('CSE',101),('CSE',104),('CSE',105),('MAE',100),('MAE',101);
/*!40000 ALTER TABLE `department_user` ENABLE KEYS */;
UNLOCK TABLES;

--
-- Table structure for table `major`
--

DROP TABLE IF EXISTS `major`;
/*!40101 SET @saved_cs_client     = @@character_set_client */;
/*!40101 SET character_set_client = utf8 */;
CREATE TABLE `major` (
  `name` varchar(45) NOT NULL,
  `dep_name` varchar(45) NOT NULL,
  PRIMARY KEY (`name`),
  UNIQUE KEY `name` (`name`),
  KEY `dep_name` (`dep_name`),
  CONSTRAINT `major_ibfk_1` FOREIGN KEY (`dep_name`) REFERENCES `department` (`name`) ON DELETE CASCADE ON UPDATE CASCADE
) ENGINE=InnoDB DEFAULT CHARSET=utf8;
/*!40101 SET character_set_client = @saved_cs_client */;

--
-- Dumping data for table `major`
--

LOCK TABLES `major` WRITE;
/*!40000 ALTER TABLE `major` DISABLE KEYS */;
INSERT INTO `major` VALUES ('Architecture','ARCH'),('Interior Design','ARCH'),('Landscape Architecture','ARCH'),('Computer Engineering','CSE'),('Computer Science','CSE'),('Software Engineering','CSE'),('Aerospace Engineering','MAE'),('Mechanical Engineering','MAE'),('Mathematics','MATH');
/*!40000 ALTER TABLE `major` ENABLE KEYS */;
UNLOCK TABLES;

--
-- Table structure for table `major_user`
--

DROP TABLE IF EXISTS `major_user`;
/*!40101 SET @saved_cs_client     = @@character_set_client */;
/*!40101 SET character_set_client = utf8 */;
CREATE TABLE `major_user` (
  `name` varchar(45) NOT NULL,
  `userId` int(11) NOT NULL,
  PRIMARY KEY (`name`,`userId`),
  UNIQUE KEY `userId` (`userId`,`name`),
  CONSTRAINT `major_user_ibfk_1` FOREIGN KEY (`name`) REFERENCES `major` (`name`) ON DELETE CASCADE ON UPDATE CASCADE,
  CONSTRAINT `major_user_ibfk_2` FOREIGN KEY (`userId`) REFERENCES `user` (`userId`) ON DELETE CASCADE ON UPDATE CASCADE
) ENGINE=InnoDB DEFAULT CHARSET=utf8;
/*!40101 SET character_set_client = @saved_cs_client */;

--
-- Dumping data for table `major_user`
--

LOCK TABLES `major_user` WRITE;
/*!40000 ALTER TABLE `major_user` DISABLE KEYS */;
INSERT INTO `major_user` VALUES ('Computer Engineering',100),('Computer Engineering',101),('Computer Engineering',105),('Computer Science',96);
/*!40000 ALTER TABLE `major_user` ENABLE KEYS */;
UNLOCK TABLES;

--
-- Table structure for table `minor_user`
--

DROP TABLE IF EXISTS `minor_user`;
/*!40101 SET @saved_cs_client     = @@character_set_client */;
/*!40101 SET character_set_client = utf8 */;
CREATE TABLE `minor_user` (
  `name` varchar(45) DEFAULT NULL,
  `userId` int(11) DEFAULT NULL
) ENGINE=InnoDB DEFAULT CHARSET=utf8;
/*!40101 SET character_set_client = @saved_cs_client */;

--
-- Dumping data for table `minor_user`
--

LOCK TABLES `minor_user` WRITE;
/*!40000 ALTER TABLE `minor_user` DISABLE KEYS */;
INSERT INTO `minor_user` VALUES ('Architecture',95),('Architecture',96),('Architecture',97),('Architecture',98),('Architecture',99),('Architecture',100),('Architecture',101),('Computer Engineering',81),('Aerospace Engineering',83),('Mechanical Engineering',88),('Mechanical Engineering',99),('Mechanical Engineering',100),('Computer Science',101),('Software Engineering',102),('Computer Engineering',105);
/*!40000 ALTER TABLE `minor_user` ENABLE KEYS */;
UNLOCK TABLES;

--
-- Table structure for table `schedule`
--

DROP TABLE IF EXISTS `schedule`;
/*!40101 SET @saved_cs_client     = @@character_set_client */;
/*!40101 SET character_set_client = utf8 */;
CREATE TABLE `schedule` (
  `id` int(11) NOT NULL AUTO_INCREMENT,
  `userId` int(11) DEFAULT NULL,
  `startdate` date DEFAULT NULL,
  `enddate` date DEFAULT NULL,
  `session_id` int(11) DEFAULT NULL,
  PRIMARY KEY (`id`)
) ENGINE=InnoDB AUTO_INCREMENT=62 DEFAULT CHARSET=utf8;
/*!40101 SET character_set_client = @saved_cs_client */;

--
-- Dumping data for table `schedule`
--

LOCK TABLES `schedule` WRITE;
/*!40000 ALTER TABLE `schedule` DISABLE KEYS */;
INSERT INTO `schedule` VALUES (1,96,NULL,NULL,42),(2,96,NULL,NULL,43),(3,96,NULL,NULL,44),(4,96,NULL,NULL,45),(5,96,NULL,NULL,46),(6,96,NULL,NULL,47),(7,96,NULL,NULL,48),(8,96,NULL,NULL,49),(9,96,NULL,NULL,50),(10,96,NULL,NULL,51),(11,96,NULL,NULL,52),(12,96,NULL,NULL,53),(13,96,NULL,NULL,54),(14,96,NULL,NULL,55),(15,96,NULL,NULL,56),(16,96,NULL,NULL,57),(17,96,NULL,NULL,58),(18,96,NULL,NULL,59),(19,96,NULL,NULL,60),(20,96,NULL,NULL,61),(21,96,NULL,NULL,62),(22,96,NULL,NULL,63),(23,96,NULL,NULL,64),(24,96,NULL,NULL,65),(25,96,NULL,NULL,66),(26,96,NULL,NULL,67),(27,96,NULL,NULL,68),(28,96,NULL,NULL,69),(29,96,NULL,NULL,70),(30,96,NULL,NULL,71),(31,96,NULL,NULL,72),(32,96,NULL,NULL,73),(33,96,NULL,NULL,74),(34,96,NULL,NULL,75),(35,96,NULL,NULL,76),(36,96,NULL,NULL,77),(37,96,NULL,NULL,78),(38,96,NULL,NULL,79),(39,96,NULL,NULL,80),(40,96,NULL,NULL,81),(41,96,NULL,NULL,82),(42,96,NULL,NULL,83),(43,96,NULL,NULL,84),(44,96,NULL,NULL,85),(45,96,NULL,NULL,86),(46,96,NULL,NULL,87),(47,96,NULL,NULL,88),(48,96,NULL,NULL,89),(49,96,NULL,NULL,90),(50,96,NULL,NULL,91),(51,96,NULL,NULL,92),(52,96,NULL,NULL,93),(53,96,NULL,NULL,94),(54,96,NULL,NULL,95),(55,96,NULL,NULL,96),(56,96,NULL,NULL,97),(57,96,NULL,NULL,98),(58,96,NULL,NULL,99),(59,96,NULL,NULL,100),(60,96,NULL,NULL,101),(61,96,NULL,NULL,102);
/*!40000 ALTER TABLE `schedule` ENABLE KEYS */;
UNLOCK TABLES;

--
-- Table structure for table `user`
--

DROP TABLE IF EXISTS `user`;
/*!40101 SET @saved_cs_client     = @@character_set_client */;
/*!40101 SET character_set_client = utf8 */;
CREATE TABLE `user` (
  `userId` int(11) NOT NULL AUTO_INCREMENT,
  `email` varchar(255) NOT NULL,
  `password` varchar(64) NOT NULL,
  `role` varchar(32) DEFAULT NULL,
  `validated` tinyint(4) NOT NULL DEFAULT '0',
  `notification` varchar(10) NOT NULL DEFAULT 'false',
  PRIMARY KEY (`userId`),
  UNIQUE KEY `email` (`email`)
) ENGINE=InnoDB AUTO_INCREMENT=106 DEFAULT CHARSET=utf8;
/*!40101 SET character_set_client = @saved_cs_client */;

--
-- Dumping data for table `user`
--

LOCK TABLES `user` WRITE;
/*!40000 ALTER TABLE `user` DISABLE KEYS */;
INSERT INTO `user` VALUES (77,'admin@mavs.uta.edu','qwerty','admin',1,'1'),(96,'sahana.ravikumar@mavs.uta.edu','$2a$10$ja2JFdO37PmjQrjWo5yreuShTJ3tozU./5znZFhyu92oDO84IJv7S','advisor',1,'false'),(100,'tirumalapra.kodihallishivakumar@mavs.uta.edu','$2a$10$XI/JEAYnMEryXt9hXL6DYeIBRVdI52Zwabb5FhK4rxO/VI5qllLxy','student',1,'true'),(101,'maithili.deshpande@mavs.uta.edu','$2a$10$Rsnkvv2GwLMDCNFirFIi3uezIXykrg5AIxwbLPSpbw.LukZA24ZSO','student',1,'true'),(104,'rudreshnarayan.ajgaonkar@mavs.uta.edu','$2a$10$Nr5e85oG4bhYImXNzYKh9.fsWrQaLvbfdAkg3VOVmwo1hi.ashttS','advisor',1,'false'),(105,'ks.tirumala@outlook.com','$2a$10$k1nZLN1Sm0krl3UhJbDK3eq31ZOFATkA2xcTULc/zY5pg6SoM/7Ie','student',1,'true');
/*!40000 ALTER TABLE `user` ENABLE KEYS */;
UNLOCK TABLES;

--
-- Table structure for table `user_advisor`
--

DROP TABLE IF EXISTS `user_advisor`;
/*!40101 SET @saved_cs_client     = @@character_set_client */;
/*!40101 SET character_set_client = utf8 */;
CREATE TABLE `user_advisor` (
  `userId` int(11) NOT NULL,
  `pName` varchar(32) NOT NULL,
  `notification` varchar(45) NOT NULL,
  `name_low` varchar(2) NOT NULL,
  `name_high` varchar(2) NOT NULL,
  `degree_types` int(11) NOT NULL,
  `lead_status` tinyint(4) NOT NULL DEFAULT '0',
  PRIMARY KEY (`userId`),
  UNIQUE KEY `userId` (`userId`),
  CONSTRAINT `user_advisor_ibfk_1` FOREIGN KEY (`userId`) REFERENCES `user` (`userId`) ON DELETE CASCADE ON UPDATE CASCADE
) ENGINE=InnoDB DEFAULT CHARSET=utf8;
/*!40101 SET character_set_client = @saved_cs_client */;

--
-- Dumping data for table `user_advisor`
--

LOCK TABLES `user_advisor` WRITE;
/*!40000 ALTER TABLE `user_advisor` DISABLE KEYS */;
INSERT INTO `user_advisor` VALUES (96,'Sahana','day','A','O',3,0),(104,'Rudresh','day','A','Z',7,0);
/*!40000 ALTER TABLE `user_advisor` ENABLE KEYS */;
UNLOCK TABLES;

--
-- Table structure for table `user_guest`
--

DROP TABLE IF EXISTS `user_guest`;
/*!40101 SET @saved_cs_client     = @@character_set_client */;
/*!40101 SET character_set_client = utf8 */;
CREATE TABLE `user_guest` (
  `userId` int(11) NOT NULL,
  `degree_type` int(11) NOT NULL,
  `phone_num` varchar(45) NOT NULL,
  `last_name_initial` varchar(2) NOT NULL,
  PRIMARY KEY (`userId`),
  UNIQUE KEY `userId` (`userId`),
  CONSTRAINT `user_guest_ibfk_1` FOREIGN KEY (`userId`) REFERENCES `user` (`userId`) ON DELETE CASCADE ON UPDATE CASCADE
) ENGINE=InnoDB DEFAULT CHARSET=utf8;
/*!40101 SET character_set_client = @saved_cs_client */;

--
-- Dumping data for table `user_guest`
--

LOCK TABLES `user_guest` WRITE;
/*!40000 ALTER TABLE `user_guest` DISABLE KEYS */;
/*!40000 ALTER TABLE `user_guest` ENABLE KEYS */;
UNLOCK TABLES;

--
-- Table structure for table `user_prospectivestudent`
--

DROP TABLE IF EXISTS `user_prospectivestudent`;
/*!40101 SET @saved_cs_client     = @@character_set_client */;
/*!40101 SET character_set_client = utf8 */;
CREATE TABLE `user_prospectivestudent` (
  `userId` int(11) NOT NULL,
  `student_Id` varchar(256) NOT NULL,
  `degree_type` int(11) NOT NULL,
  `phone_num` varchar(45) NOT NULL,
  `last_name_initial` varchar(2) NOT NULL,
  PRIMARY KEY (`userId`),
  UNIQUE KEY `userId` (`userId`),
  CONSTRAINT `user_prospectivestudent_ibfk_1` FOREIGN KEY (`userId`) REFERENCES `user` (`userId`) ON DELETE CASCADE ON UPDATE CASCADE
) ENGINE=InnoDB DEFAULT CHARSET=utf8;
/*!40101 SET character_set_client = @saved_cs_client */;

--
-- Dumping data for table `user_prospectivestudent`
--

LOCK TABLES `user_prospectivestudent` WRITE;
/*!40000 ALTER TABLE `user_prospectivestudent` DISABLE KEYS */;
/*!40000 ALTER TABLE `user_prospectivestudent` ENABLE KEYS */;
UNLOCK TABLES;

--
-- Table structure for table `user_student`
--

DROP TABLE IF EXISTS `user_student`;
/*!40101 SET @saved_cs_client     = @@character_set_client */;
/*!40101 SET character_set_client = utf8 */;
CREATE TABLE `user_student` (
  `userId` int(11) NOT NULL,
  `student_Id` varchar(256) NOT NULL,
  `degree_type` int(11) NOT NULL,
  `phone_num` varchar(45) NOT NULL,
  `last_name_initial` varchar(2) NOT NULL,
  `last_name` varchar(64) DEFAULT NULL,
  PRIMARY KEY (`userId`),
  UNIQUE KEY `userId` (`userId`),
  CONSTRAINT `user_student_ibfk_1` FOREIGN KEY (`userId`) REFERENCES `user` (`userId`) ON DELETE CASCADE ON UPDATE CASCADE
) ENGINE=InnoDB DEFAULT CHARSET=utf8;
/*!40101 SET character_set_client = @saved_cs_client */;

--
-- Dumping data for table `user_student`
--

LOCK TABLES `user_student` WRITE;
/*!40000 ALTER TABLE `user_student` DISABLE KEYS */;
INSERT INTO `user_student` VALUES (100,'t8+8Ho223gp51iQgVoSm0g==',1,'682-241-9762','P','Prasad'),(101,'oN1324ExkoX/xbO7m2Ud3Q==',1,'682-963-7410','D','Maithili'),(105,'UT6hkiZ1DRB3jG9kHYPR1A==',1,'682-222-9999','A','Prasad');
/*!40000 ALTER TABLE `user_student` ENABLE KEYS */;
UNLOCK TABLES;
/*!40103 SET TIME_ZONE=@OLD_TIME_ZONE */;

/*!40101 SET SQL_MODE=@OLD_SQL_MODE */;
/*!40014 SET FOREIGN_KEY_CHECKS=@OLD_FOREIGN_KEY_CHECKS */;
/*!40014 SET UNIQUE_CHECKS=@OLD_UNIQUE_CHECKS */;
/*!40101 SET CHARACTER_SET_CLIENT=@OLD_CHARACTER_SET_CLIENT */;
/*!40101 SET CHARACTER_SET_RESULTS=@OLD_CHARACTER_SET_RESULTS */;
/*!40101 SET COLLATION_CONNECTION=@OLD_COLLATION_CONNECTION */;
/*!40111 SET SQL_NOTES=@OLD_SQL_NOTES */;

-- Dump completed on 2016-04-29 22:50:48
